SITE_ID,General classification,State,Data source/network,Period of record,Energy balance,Latitude,Longitude,Elevation (m),Land cover details,Land cover type,Measurement technique,Contact for sites not downloaded from AmeriFlux network,Contact email,DOI,Team member,Member role,Member institution,Member email,Site name
US-Var,Grasslands,CA,AmeriFlux,10/2000-08/2020,0.943326899402312,38.4133,-120.9507,129.0,Annual grasses and forbs,Grasslands,Eddy covariance,,,10.17190/AMF/1245984,Dennis Baldocchi,PI,"University of California, Berkeley",Baldocchi@berkeley.edu,Vaira Ranch- Ione
US-Aud,Grasslands,AZ,AmeriFlux,06/2002-09/2011,1.14431991172469,31.5907299999999,-110.51038,1469.0,Madrean mixed grass prairie,Grasslands,Eddy covariance,,,10.17190/AMF/1246028,Tilden Meyers,PI,NOAA/ARL,Tilden.Meyers@noaa.gov,Audubon Research Ranch
US-SdH,Grasslands,NE,AmeriFlux,05/2004-12/2009,1.03812148802389,42.0693,-101.4072,1081.0,Grass pasture,Grasslands,Eddy covariance,,,10.17190/AMF/1246136,Dave Billesbach,PI,University of Nebraska,dbillesbach1@unl.edu,Nebraska SandHills Dry Valley
US-Ro4,Grasslands,MN,AmeriFlux,09/2015-06/2020,0.828852846069932,44.6781,-93.0723,274.0,"Restored prarie, Andropogon gerardii, Sorghastrum nutans, and Elymus canadensis",Grasslands,Eddy covariance,,,10.17190/AMF/1419507,John Baker,PI,USDA-ARS,John.Baker@ARS.USDA.GOV,Rosemount Prairie
US-KM4,Grasslands,MI,AmeriFlux,07/2010-12/2018,0.779336443668226,42.44225,-85.330056,288.0,Smooth brome grass,Grasslands,Eddy covariance,,,10.17190/AMF/1634882,G. Philip Robertson,PI,Michigan State University,robert30@msu.edu,KBS Marshall Farms Smooth Brome Grass (Ref)
US-Fwf,Grasslands,AZ,AmeriFlux,06/2005-12/2010,0.965223208704376,35.4454,-111.7718,2270.0,"Grassland, after severe fire removed ponderosa pine in 1996",Grasslands,Eddy covariance,,,10.17190/AMF/1246052,Sabina Dore,PI,Northern Arizona University,Sabina.Dore@nau.edu,Flagstaff - Wildfire
US-xDC,Grasslands,ND,AmeriFlux,10/2017-05/2020,0.737627979469047,47.16165,-99.10656,559.0,"Prairie grasslands, mid- to tall-height",Grasslands,Eddy covariance,,,10.17190/AMF/1617728,Cove Sturtevant,PI,NEON,csturtevant@battelleecology.org,NEON Dakota Coteau Field School (DCFS)
US-xDS,Grasslands,FL,AmeriFlux,01/2018-05/2020,0.750107506968332,28.12504,-81.4362,15.0,Native grasses and wetlands,Grasslands,Eddy covariance,,,,Cove Sturtevant,PI,NEON,csturtevant@battelleecology.org,NEON Disney Wilderness Preserve (DSNY)
US-Ctn,Grasslands,SD,AmeriFlux,11/2006-09/2009,0.705103487865446,43.95,-101.8466,744.0,Grasslands,Grasslands,Eddy covariance,,,10.17190/AMF/1246117,Tilden Meyers,PI,NOAA/ARL,tilden.meyers@noaa.gov,Cottonwood
US-ARc,Grasslands,OK,AmeriFlux,03/2005-10/2006,1.02152099387815,35.54649,-98.04,424.0,Native tallgrass prairie (burned in March 2005),Grasslands,Eddy covariance,,,10.17190/AMF/1246026,Margaret Torn,PI,Lawrence Berkeley National Laboratory,mstorn@lbl.gov,ARM Southern Great Plains control site- Lamont
US-FPe,Grasslands,MT,AmeriFlux,01/2000-06/2008,1.06578814639298,48.3077,-105.1019,634.0,Grassland,Grasslands,Eddy covariance,,,10.17190/AMF/1246053,Tilden Meyers,PI,NOAA/ARL,Tilden.Meyers@noaa.gov,Fort Peck
US-xAE,Grasslands,OK,AmeriFlux,02/2018-05/2020,0.756897013113525,35.41059,-99.05879,516.0,Grass pasture,Grasslands,Eddy covariance,,,,Cove Sturtevant,PI,NEON,csturtevant@battelleecology.org,NEON Klemme Range Research Station (OAES)
US-ARb,Grasslands,OK,AmeriFlux,03/2005-10/2006,1.00578495018819,35.5497,-98.0402,424.0,Native tallgrass prairie,Grasslands,Eddy covariance,,,10.17190/AMF/1246025,Margaret Torn,PI,Lawrence Berkeley National Laboratory,mstorn@lbl.gov,ARM Southern Great Plains burn site- Lamont
US-xNG,Grasslands,ND,AmeriFlux,10/2017-04/2020,0.707072881407317,46.76972,-100.91535,578.0,Smooth Brome and Kentucky blue grass grassland,Grasslands,Eddy covariance,,,10.17190/AMF/1617732,Cove Sturtevant,PI,NEON,csturtevant@battelleecology.org,NEON Northern Great Plains Research Laboratory (NOGP)
